code,serial
1234567890123,12345678
1234567890123,12345678
1234567890123,12345678
1234567890123,12345678
1234567890123,12345678
1234567890123,12345678
1234567890123,12345678
1234567890123,12345678
1234567890123,12345678
1234567890123,12345678
1234567890123,12345678
1234567890123,12345678
1234567890123,12345678
1234567890123,12345678
1234567890123,12345678
1234567890123,12345678
1234567890123,12345678
1234567890123,12345678
1234567890123,12345678
1234567890123,12345678
1234567890123,12345678
1234567890123,12345678
1234567890123,12345678
1234567890123,12345678
1234567890123,12345678
1234567890123,12345678
1234567890123,12345678
1234567890123,12345678
1234567890123,12345678
1234567890123,12345678
1234567890123,12345678
1234567890123,12345678
1234567890123,12345678
1234567890123,12345678
1234567890123,12345678
1234567890123,12345678
1234567890123,12345678
1234567890123,12345678
1234567890123,12345678
1234567890123,12345678
1234567890123,12345678
1234567890123,12345678
1234567890123,12345678
1234567890123,12345678
1234567890123,12345678
1234567890123,12345678
1234567890123,12345678
1234567890123,12345678
1234567890123,12345678
1234567890123,12345678
1234567890123,12345678
1234567890123,12345678
1234567890123,12345678
1234567890123,12345678
1234567890123,12345678
1234567890123,12345678
1234567890123,12345678
1234567890123,12345678
1234567890123,12345678
1234567890123,12345678
1234567890123,12345678
1234567890123,12345678
1234567890123,12345678
1234567890123,12345678
1234567890123,12345678
1234567890123,12345678
1234567890123,12345678
1234567890123,12345678
1234567890123,12345678
1234567890123,12345678
1234567890123,12345678
1234567890123,12345678
1234567890123,12345678
1234567890123,12345678
1234567890123,12345678
1234567890123,12345678
1234567890123,12345678
1234567890123,12345678
1234567890123,12345678
1234567890123,12345678
1234567890123,12345678
1234567890123,12345678
1234567890123,12345678
1234567890123,12345678
1234567890123,12345678
1234567890123,12345678
1234567890123,12345678
1234567890123,12345678
1234567890123,12345678
1234567890123,12345678
1234567890123,12345678
1234567890123,12345678
1234567890123,12345678
1234567890123,12345678
1234567890123,12345678
1234567890123,12345678
1234567890123,12345678
1234567890123,12345678
1234567890123,12345678
1234567890123,12345678
1234567890123,12345678
1234567890123,12345678
1234567890123,12345678
1234567890123,12345678
1234567890123,12345678
1234567890123,12345678
1234567890123,12345678
1234567890123,12345678
1234567890123,12345678
1234567890123,12345678
1234567890123,12345678
1234567890123,12345678
